model,Q1,Q2,Q3,Q4,Q5,Q6,Q7,Q8,Q9
RAG,0.9728580011317548,0.9775633455947219,0.9826200100259483,0.9772108523933744,0.9801146915442533,0.9912854089045431,0.9751230163950351,0.9901090209007932,0.981976590074545
GPT-3,0.9815845633748237,0.9528277049422975,0.9654955898136924,0.9637124000605632,0.9587124186061828,0.9756223223913285,0.9714697225445421,0.9291767920313512,0.9675914445395492
GPT-4,0.9727236648480997,0.9488774732586546,0.9545657736262699,0.9345129857125754,0.9527491033038509,0.9722098017881535,0.969872364453393,0.9524572494759913,0.9607606409549594